START,STOP,PATIENT,ENCOUNTER,CODE,DESCRIPTION
1988-02-18,,764223c7-a13b-4344-8fd1-b21d110f3790,ea6d68e3-0b80-4d5c-a157-6e5980426abf,91935009,Allergy to peanuts
1983-01-11,,9b37de33-fdbf-4e36-997d-796c1ac00823,c169eb4c-24cb-46fa-9535-bae5124b6531,424213003,Allergy to bee venom
1983-01-11,1998-03-15,9b37de33-fdbf-4e36-997d-796c1ac00823,c169eb4c-24cb-46fa-9535-bae5124b6531,419474003,Allergy to mould
1983-01-11,1998-03-15,9b37de33-fdbf-4e36-997d-796c1ac00823,c169eb4c-24cb-46fa-9535-bae5124b6531,232350006,House dust mite allergy
1983-01-11,1998-03-15,9b37de33-fdbf-4e36-997d-796c1ac00823,c169eb4c-24cb-46fa-9535-bae5124b6531,232347008,Dander (animal) allergy
1983-01-11,1998-03-15,9b37de33-fdbf-4e36-997d-796c1ac00823,c169eb4c-24cb-46fa-9535-bae5124b6531,418689008,Allergy to grass pollen
1983-01-11,1998-03-15,9b37de33-fdbf-4e36-997d-796c1ac00823,c169eb4c-24cb-46fa-9535-bae5124b6531,419263009,Allergy to tree pollen
1983-01-11,1999-08-03,9b37de33-fdbf-4e36-997d-796c1ac00823,c169eb4c-24cb-46fa-9535-bae5124b6531,420174000,Allergy to wheat
1983-01-11,,9b37de33-fdbf-4e36-997d-796c1ac00823,c169eb4c-24cb-46fa-9535-bae5124b6531,417532002,Allergy to fish
1983-01-11,,9b37de33-fdbf-4e36-997d-796c1ac00823,c169eb4c-24cb-46fa-9535-bae5124b6531,91935009,Allergy to peanuts
1989-05-18,,7cdb5db2-26b1-4bec-a7e5-fdaab49da78c,500e974c-4310-4937-8b8c-ac681035d2eb,419474003,Allergy to mould
1989-05-18,2005-03-16,7cdb5db2-26b1-4bec-a7e5-fdaab49da78c,500e974c-4310-4937-8b8c-ac681035d2eb,232350006,House dust mite allergy
1989-05-18,2005-03-16,7cdb5db2-26b1-4bec-a7e5-fdaab49da78c,500e974c-4310-4937-8b8c-ac681035d2eb,232347008,Dander (animal) allergy
1989-05-18,2005-03-16,7cdb5db2-26b1-4bec-a7e5-fdaab49da78c,500e974c-4310-4937-8b8c-ac681035d2eb,418689008,Allergy to grass pollen
1989-05-18,2005-03-16,7cdb5db2-26b1-4bec-a7e5-fdaab49da78c,500e974c-4310-4937-8b8c-ac681035d2eb,419263009,Allergy to tree pollen
1989-05-18,2006-07-06,7cdb5db2-26b1-4bec-a7e5-fdaab49da78c,500e974c-4310-4937-8b8c-ac681035d2eb,425525006,Allergy to dairy product
1989-05-18,2006-07-06,7cdb5db2-26b1-4bec-a7e5-fdaab49da78c,500e974c-4310-4937-8b8c-ac681035d2eb,714035009,Allergy to soya
1989-05-18,2006-07-06,7cdb5db2-26b1-4bec-a7e5-fdaab49da78c,500e974c-4310-4937-8b8c-ac681035d2eb,420174000,Allergy to wheat
1989-05-18,,7cdb5db2-26b1-4bec-a7e5-fdaab49da78c,500e974c-4310-4937-8b8c-ac681035d2eb,300913006,Shellfish allergy
1989-05-18,,7cdb5db2-26b1-4bec-a7e5-fdaab49da78c,500e974c-4310-4937-8b8c-ac681035d2eb,417532002,Allergy to fish
1994-03-02,,c1416d70-e3c2-4a81-8a14-5faeb355affd,64b616eb-7ae9-4556-a358-de4e79e2aef8,419474003,Allergy to mould
1994-03-02,,c1416d70-e3c2-4a81-8a14-5faeb355affd,64b616eb-7ae9-4556-a358-de4e79e2aef8,232350006,House dust mite allergy
1994-03-02,,c1416d70-e3c2-4a81-8a14-5faeb355affd,64b616eb-7ae9-4556-a358-de4e79e2aef8,232347008,Dander (animal) allergy
1994-03-02,,c1416d70-e3c2-4a81-8a14-5faeb355affd,64b616eb-7ae9-4556-a358-de4e79e2aef8,418689008,Allergy to grass pollen
1994-03-02,,c1416d70-e3c2-4a81-8a14-5faeb355affd,64b616eb-7ae9-4556-a358-de4e79e2aef8,419263009,Allergy to tree pollen
1994-03-02,2010-09-23,c1416d70-e3c2-4a81-8a14-5faeb355affd,64b616eb-7ae9-4556-a358-de4e79e2aef8,420174000,Allergy to wheat
1994-03-02,,c1416d70-e3c2-4a81-8a14-5faeb355affd,64b616eb-7ae9-4556-a358-de4e79e2aef8,300913006,Shellfish allergy
1994-03-02,,c1416d70-e3c2-4a81-8a14-5faeb355affd,64b616eb-7ae9-4556-a358-de4e79e2aef8,91934008,Allergy to nut
1989-11-26,2006-11-16,2b1090c5-aaee-4a40-bd48-173b18ac8020,731442d0-41c5-471a-a2f3-ee28e7e44294,300916003,Latex allergy
1989-11-26,2005-03-23,2b1090c5-aaee-4a40-bd48-173b18ac8020,731442d0-41c5-471a-a2f3-ee28e7e44294,419474003,Allergy to mould
1989-11-26,2005-03-23,2b1090c5-aaee-4a40-bd48-173b18ac8020,731442d0-41c5-471a-a2f3-ee28e7e44294,232350006,House dust mite allergy
1989-11-26,,2b1090c5-aaee-4a40-bd48-173b18ac8020,731442d0-41c5-471a-a2f3-ee28e7e44294,232347008,Dander (animal) allergy
1989-11-26,2005-03-23,2b1090c5-aaee-4a40-bd48-173b18ac8020,731442d0-41c5-471a-a2f3-ee28e7e44294,418689008,Allergy to grass pollen
1989-11-26,,2b1090c5-aaee-4a40-bd48-173b18ac8020,731442d0-41c5-471a-a2f3-ee28e7e44294,419263009,Allergy to tree pollen
1989-11-26,2006-11-16,2b1090c5-aaee-4a40-bd48-173b18ac8020,731442d0-41c5-471a-a2f3-ee28e7e44294,91930004,Allergy to eggs
1989-11-26,,2b1090c5-aaee-4a40-bd48-173b18ac8020,731442d0-41c5-471a-a2f3-ee28e7e44294,417532002,Allergy to fish
1956-10-04,1993-07-06,a90bcde1-b274-4a27-baa0-8256e01cf227,ee20bdc2-4d3e-4836-8eaf-9e4f5db820b3,419474003,Allergy to mould
1956-10-04,,a90bcde1-b274-4a27-baa0-8256e01cf227,ee20bdc2-4d3e-4836-8eaf-9e4f5db820b3,232350006,House dust mite allergy
1956-10-04,1993-07-06,a90bcde1-b274-4a27-baa0-8256e01cf227,ee20bdc2-4d3e-4836-8eaf-9e4f5db820b3,232347008,Dander (animal) allergy
1956-10-04,,a90bcde1-b274-4a27-baa0-8256e01cf227,ee20bdc2-4d3e-4836-8eaf-9e4f5db820b3,714035009,Allergy to soya
1956-10-04,1972-08-07,a90bcde1-b274-4a27-baa0-8256e01cf227,ee20bdc2-4d3e-4836-8eaf-9e4f5db820b3,420174000,Allergy to wheat
1956-10-04,,a90bcde1-b274-4a27-baa0-8256e01cf227,ee20bdc2-4d3e-4836-8eaf-9e4f5db820b3,300913006,Shellfish allergy
1970-09-12,1993-07-09,df649e27-4b8b-4b1e-80bc-bff59b1cd78b,c730a2a3-7805-420f-9b85-b28148be764b,419474003,Allergy to mould
1970-09-12,,df649e27-4b8b-4b1e-80bc-bff59b1cd78b,c730a2a3-7805-420f-9b85-b28148be764b,300913006,Shellfish allergy
1981-07-10,1997-01-05,40510325-ab28-49a5-b4fa-22d894d4c87e,c228ad2c-7220-4ac8-96ad-ef4ca637330e,419474003,Allergy to mould
1981-07-10,1997-01-05,40510325-ab28-49a5-b4fa-22d894d4c87e,c228ad2c-7220-4ac8-96ad-ef4ca637330e,232347008,Dander (animal) allergy
1981-07-10,1997-01-05,40510325-ab28-49a5-b4fa-22d894d4c87e,c228ad2c-7220-4ac8-96ad-ef4ca637330e,418689008,Allergy to grass pollen
1981-07-10,1997-01-05,40510325-ab28-49a5-b4fa-22d894d4c87e,c228ad2c-7220-4ac8-96ad-ef4ca637330e,419263009,Allergy to tree pollen
1981-07-10,,40510325-ab28-49a5-b4fa-22d894d4c87e,c228ad2c-7220-4ac8-96ad-ef4ca637330e,91934008,Allergy to nut
1959-08-04,,6c563bc0-21c9-4ecb-84f0-e38017571f79,300a6ec4-5c50-419a-87a7-750b5c31126c,300913006,Shellfish allergy
1991-06-02,,0b24f974-fc1e-4c8e-b6e0-c2a1ebe219c8,f7845252-8945-4295-ab1b-4f6160d6380b,424213003,Allergy to bee venom
1991-06-02,2007-03-02,0b24f974-fc1e-4c8e-b6e0-c2a1ebe219c8,f7845252-8945-4295-ab1b-4f6160d6380b,419263009,Allergy to tree pollen
1991-06-02,,0b24f974-fc1e-4c8e-b6e0-c2a1ebe219c8,f7845252-8945-4295-ab1b-4f6160d6380b,91934008,Allergy to nut
1932-12-31,1993-07-06,81f917c8-f7c3-490e-a0b9-2b48507e4118,b7caa2c9-17c5-447e-84cc-18d2cd590ed4,232347008,Dander (animal) allergy
1932-12-31,,81f917c8-f7c3-490e-a0b9-2b48507e4118,b7caa2c9-17c5-447e-84cc-18d2cd590ed4,300913006,Shellfish allergy
