ID,NAME,ADDRESS,CITY,STATE,ZIP,PHONE,UTILIZATION
07c785a5-09ba-42e7-bd0d-526ea15ea991,ORLANDO HEALTH,52 W UNDERWOOD ST,ORLANDO,FL,32806,3218438000,903
6873f7b3-4af0-41cd-9520-cacd6aa45fcf,UNIVERSITY OF MIAMI HOSPITAL,1400 NW 12TH AVE,MIAMI,FL,33136,3053255511,1351
c58a830c-d3a9-4f9f-84b4-6997c6709fed,LEE MEMORIAL HOSPITAL,2776 CLEVELAND AVE,FORT MYERS,FL,33901,2393321111,329
1a89c332-c8e4-4169-a7bd-d96f3a7f53b7,HALIFAX HEALTH MEDICAL CENTER,303 N CLYDE MORRIS BLVD,DAYTONA BEACH,FL,32114,3862544000,1320
440ee2c4-cf8e-4d6b-8d2c-81bfa43dc54b,BAY MEDICAL CENTER SACRED HEART HEALTH SYSTEM,615 N BONITA AVE,PANAMA CITY,FL,32401,8507691511,115
ea94cfd1-b149-4bc8-9e79-5653bbda2ede,PARRISH MEDICAL CENTER,951 N WASHINGTON AVE,TITUSVILLE,FL,32796,3212686111,566
1b94b854-82f5-4a86-b9ba-c8df2678c58b,HEALTH CENTRAL,10000 W COLONIAL DR,OCOEE,FL,34761,4072961820,213
bbed77c8-b8f6-4a16-a2e7-58d30a46a79a,MOUNT SINAI MEDICAL CENTER,4300 ALTON RD,MIAMI BEACH,FL,33140,3056742121,174
6eefccec-b3ae-42bf-930d-cbf0ac01ff2d,MANATEE MEMORIAL HOSPITAL,206 2ND ST E,BRADENTON,FL,34208,9417465111,123
96a7ca1b-e478-48fc-aa4b-4c4c427f82a3,MEMORIAL REGIONAL HOSPITAL,3501 JOHNSON ST,HOLLYWOOD,FL,33021,9549872000,173
9e9c5a11-c151-41d4-992f-71ed2064a95d,BROWARD HEALTH MEDICAL CENTER,1600 S ANDREWS AVE,FORT LAUDERDALE,FL,33316,9543554400,320
74d5931c-3e13-4ab5-a822-0a97e23c12e9,MEASE DUNEDIN HOSPITAL,601 MAIN ST,DUNEDIN,FL,34698,7277331111,95
73d8aa81-4792-4fcc-95f9-c462213c40b2,MARTIN MEDICAL CENTER,200 SE HOSPITAL AVE,STUART,FL,34995,7722875200,2242
3172bd7d-d92a-450c-a5c9-748350531f7f,FLORIDA HOSPITAL DELAND,701 W PLYMOUTH AVE,DELAND,FL,32720,3869434772,730
8d10a61d-f476-4371-ac26-86d33f1dabcb,LARKIN COMMUNITY HOSPITAL PALM SPRINGS CAMPUS,1475 W 49TH ST,HIALEAH,FL,33012,3055582500,1672
9ba4a38a-254f-4145-8f94-b37d2fa197f4,WINTER HAVEN HOSPITAL,200 AVE F NE,WINTER HAVEN,FL,33881,8632931121,404
f316c704-a506-4b61-98a4-905256e6aee6,FLORIDA HOSPITAL NORTH PINELLAS,1395 S PINELLAS AVE,TARPON SPRINGS,FL,34689,7279425000,366
08399f28-c741-4a61-8198-78c9e5435b70,FLORIDA HOSPITAL WATERMAN,1000 WATERMAN WAY,TAVARES,FL,32778,3522533300,541
3dca312f-a2e7-4dbf-a644-459916cd570a,MUNROE REGIONAL MEDICAL CENTER,1500 SW 1ST AVE,OCALA,FL,34474,3523517200,2050
046a89d8-4fe2-443d-bc66-3024ceb49dda,FLORIDA HOSPITAL CARROLLWOOD,7171 N DALE MABRY HWY,TAMPA,FL,33614,8139322222,1013
cf33523d-38ab-4843-b3f7-34c1c4c30ad0,JFK MEDICAL CENTER,5301 S CONGRESS AVE,ATLANTIS,FL,33462,5619657300,511
e00f96ce-9da5-49eb-857e-60da2e5542e0,LAKE WALES MEDICAL CENTER,410 S 11TH ST,LAKE WALES,FL,33853,8636761433,276
6e76a579-5c69-4c4e-8d0c-2a25354675d7,FLORIDA HOSPITAL FLAGLER,60 MEMORIAL MEDICAL PKWY,PALM COAST,FL,32164,3865862000,318
06de71b6-327f-40e2-b0db-9d7c211cf7eb,SOUTH FLORIDA BAPTIST HOSPITAL,301 N ALEXANDER ST,PLANT CITY,FL,33563,8137571200,1100
81932a10-df04-45cc-a7ec-6e3e29b5f4bf,JACKSON HOSPITAL,4250 HOSPITAL DR,MARIANNA,FL,32446,8507182620,337
d0ff460f-8dce-484e-bc8f-4de3a5ed7e84,LAKELAND REGIONAL MEDICAL CENTER,1324 LAKELAND HILLS BLVD,LAKELAND,FL,33805,8636871100,400
ee7e9971-af93-41c2-abf2-e7565fbf675d,BOCA RATON REGIONAL HOSPITAL,800 MEADOWS RD,BOCA RATON,FL,33486,5613625002,1009
5a32534d-c669-4992-b150-02730c16d8fc,PALM BEACH GARDENS MEDICAL CENTER,3360 BURNS RD,PALM BEACH GARDENS,FL,33410,5616221411,1328
90cc0d83-be5b-4046-bd90-446270e01532,CAPE CANAVERAL HOSPITAL,701 W COCOA BEACH CAUSEWAY,COCOA BEACH,FL,32932,3217997111,154
ed6154db-55c4-4363-8bda-6fa11eedae9e,CORAL GABLES HOSPITAL,3100 DOUGLAS RD,CORAL GABLES,FL,33134,3054458461,1009
bef55d01-7814-4217-92d9-c0bb2d9228b1,PALMETTO GENERAL HOSPITAL,2001 W 68TH ST,HIALEAH,FL,33016,3058235000,1847
408f9458-0c98-4143-b9ac-5856c3bd5db0,NORTHWEST MEDICAL CENTER,2801 N STATE RD 7,MARGATE,FL,33063,9549740400,552
3459679b-c6e2-49b8-a5f9-53edaa3c83f8,KENDALL REGIONAL MEDICAL CENTER,11750 BIRD RD,MIAMI,FL,33175,3052233000,353
bfb346a0-f77f-4c55-bed6-8ff42c3bb49c,GULF COAST MEDICAL CENTER LEE MEM HEALTH SYSTEM,13681 DOCTORS WAY,FORT MYERS,FL,33912,2397685000,256
de6d9d4d-5f45-4556-bbd3-00792cd719f1,UNIVERSITY HOSPITAL AND MEDICAL CENTER,7201 N UNIVERSITY DR,TAMARAC,FL,33321,9547212200,791
f290326c-b898-40ff-afd9-5998653828c0,ORANGE PARK MEDICAL CENTER,2001 KINGSLEY AVE,ORANGE PARK,FL,32073,9042768500,1332
b702e873-c654-4b9a-8f3f-26de64407779,WESTSIDE REGIONAL MEDICAL CENTER,8201 W BROWARD BLVD,PLANTATION,FL,33324,9544736600,404
d4907159-7aa1-4232-a3b2-db878bc05f85,MEMORIAL HOSPITAL PEMBROKE,7800 SHERIDAN ST,PEMBROKE PINES,FL,33024,9549629650,1
f6d8019d-5f34-4c90-bc62-87cd22249b3e,FAWCETT MEMORIAL HOSPITAL,21298 OLEAN BLVD,PORT CHARLOTTE,FL,33952,9416291181,596
bc9f9d9f-9af9-4a19-8c39-d01eeb289ff8,NORTHSIDE HOSPITAL,6000 49TH ST N,SAINT PETERSBURG,FL,33709,8135215000,191
f9034d8e-caa3-46f2-898c-ce72dc6a0b3a,LARGO MEDICAL CENTER,201 14TH ST SW,LARGO,FL,33770,7275885200,126
dc28ee5f-20dd-4549-b6a9-584f3804ca5e,JUPITER MEDICAL CENTER,1210 S OLD DIXIE HWY,JUPITER,FL,33458,5617472234,431
6769271e-e95e-46b1-91fe-e7625fe6dca2,MEMORIAL HOSPITAL MIRAMAR,1901 SW 172ND AVE,MIRAMAR,FL,33029,9545384810,766
20b9635b-ae69-4da7-934c-5a43c7e78456,GOOD SAMARITAN MEDICAL CENTER,1309 N FLAGLER DR,WEST PALM BEACH,FL,33401,5616555511,2190
479b3e6c-8bee-474a-87bc-9520f1288be8,CLEVELAND CLINIC HOSPITAL,3100 WESTON RD,WESTON,FL,33331,9546895000,219
3ba477d8-c28e-4ed5-b2eb-1e28479a2111,LAKEWOOD RANCH MEDICAL CENTER,8330 LAKEWOOD RANCH BLVD,BRADENTON,FL,34202,9417822100,296
4269e7ae-01ff-49df-a877-ffdbd44a95b4,PALM BAY HOSPITAL,1425 MALABAR RD  NE,PALM BAY,FL,32907,3214348000,191
90a9c863-24d7-4db0-a975-6897ae3b7e15,OVIEDO MEDICAL CENTER,8300 RED BUG LAKE RD,OVIEDO,FL,32765,4073027392,207
44adfb70-8888-46fd-81de-965d06a3119e,SHANDS STARKE REGIONAL MEDICAL CENTER,922 E CALL ST,STARKE,FL,32091,9043682300,400
6d54627f-2678-4728-b416-60b9878505fd,MADISON COUNTY MEMORIAL HOSPITAL,224 NW CRANE AVE,MADISON,FL,32340,8509732271,69
ddd34ece-18c8-44a2-9953-28415fa74542,FISHERMEN'S HOSPITAL,3301 OVERSEAS HWY,MARATHON,FL,33050,3057435533,139
e86ad875-e2f2-46ce-b76e-7165cdd08aa8,Miami Vet Center,8280 NW 27th St Suite 511,Miami,FL,33122,305-718-3712 Or 305-718-3712,47
00300a5f-bcaf-44b0-8f3d-779e7393fb51,QUICK CARE MEDICAL,650 WEST PLYMOUTH AVENUE,DELAND,FL,32720,386-736-6622,1
73377cfc-81bf-45bb-9911-c2944bad21a3,PALM HARBOR PEDIATRIC URGENT CARE,36458 UNITED STATES HIGHWAY 19 NORTH,PALM HARBOR,FL,34684,727-787-5439,1
2ac99194-d69f-452b-b67a-1bff9792f115,PRI-MED WALK IN CLINIC,7200 WEST COMMERCIAL BOULEVARD,LAUDERHILL,FL,33319,954-572-9199,3
f26bcfd1-8a23-4c3a-9429-5aa7affea78f,HALIFAX MEDICAL CENTER EXPRESS CARE,303 NORTH CLYDE MORRIS BOULEVARD,DAYTONA BEACH,FL,32114,386-254-4369,287
18e3aaa9-c7f0-41ce-b1df-5bb96f3f6693,WEST BROWARD URGENT CARE,1911 NORTH PINE ISLAND ROAD,PLANTATION,FL,33322,954-476-3024,1
f8618430-5a6f-42b5-89c5-be762326d8d7,BAPTIST URGENT CARE,1021 CESERY BOULEVARD,JACKSONVILLE,FL,32211,904-743-2466,5
00703854-b716-47b8-a7f1-7e81fda54a84,GADSDEN COUNTY URGENT CARE,23186 BLUE STAR HIGHWAY,QUINCY,FL,32351,850-627-5000,2
ec801831-7dec-43b0-911a-1d0768fe2b96,MEDEXPRESS URGENT CARE - PALM BEACH GARDENS,4520 DONALD ROSS ROAD,PALM BEACH GARDENS,FL,33418,561-776-3090,85
f218bc5b-46fa-4e90-bbda-1cdbe31d31d7,FIRST CARE WINTER HAVEN,400 1ST STREET NORTH,WINTER HAVEN,FL,33881,863-299-2420,1
f9062c89-b1ff-4733-8c94-ee641bce30b5,CONCENTRA URGENT CARE MEDICAL CENTER - SOUTH MIAMI,6341 SUNSET DRIVE,MIAMI,FL,33143,305-666-5971,4
e04f458e-a21c-407f-8186-a7eb2441abca,US HEALTHWORKS MEDICAL GROUP - BOCA RATON,1786 NORTHWEST 2ND AVENUE,BOCA RATON,FL,33432,561-368-6920,4
a7796fe5-10c9-4c70-981d-9aa92a5c17d3,TEQUESTA URGENT CARE,1 MAIN STREET,TEQUESTA,FL,33469,561-747-4464,1
83c0ce01-d93f-431c-bc7a-524c0c591d27,URGENT CARE USA,413 NORTH ALEXANDER STREET,PLANT CITY,FL,33563,813-752-7222,160
b34e88c5-0009-4905-89d4-b885cd2b43cf,MEDIGO URGENT CARE CENTER - 2ND AVENUE,900 SOUTHWEST 2ND AVENUE,MIAMI,FL,33130,305-859-8591,3
c9daa52b-f7e8-4b5f-b04a-5142faff772b,AMERICAN WALK-IN URGENT CARE CENTER,6870 DYKES ROAD,SOUTHWEST RANCHES,FL,33331,954-434-1010,6
ff8b25f5-9ba1-4408-9094-1be9871e7681,ER URGENT CARE CENTER,700 IVES DAIRY ROAD,NORTH MIAMI BEACH,FL,33179,305-917-9170,1
3ea8630b-2d67-499d-9f06-c7a4a97045e2,ACEVEDO MEDICAL GROUP,2525 NORTHWEST 54TH STREET,MIAMI,FL,33142,305-633-9090,4
8466520e-54c6-49bc-bf1d-d65108f65c65,SOLANTIC WALK-IN URGENT CARE - APOPKA,3840 EAST STATE ROAD 436,APOPKA,FL,32703,407-478-3202,1
2d90c4b7-47fa-4209-86bf-a9fd0f983264,PEDIATRIC AND FAMILY URGENT CARE,705 EAST 26TH STREET,HIALEAH,FL,33013,305-835-1551,6
39913069-6e4b-4f73-9f48-011a1aaa9f8a,SAMPLE MEDICAL CENTER,5430 WEST SAMPLE ROAD,MARGATE,FL,33073,954-968-4000,1
e8dc5a09-2a09-480f-927c-7aa564655d86,FAMILY MEDICAL WALK IN CLINIC,1107 WEST MARION AVENUE,PUNTA GORDA,FL,33950,941-637-1076,1
2e8b95e3-e597-4be6-99ed-4aea51ba7732,PALM COAST URGENT CARE,9 PINE CONE DRIVE,PALM COAST,FL,32137,386-445-6191,3
dfd67c34-f302-4a16-ac39-832ae40aecc7,WALK IN CLINIC 4 CARE,590 MALABAR ROAD SOUTHEAST,PALM BAY,FL,32907,321-676-3535,3
baf8a084-a5a3-4928-8639-31c90666cecd,INTEGRAL CLINIC,2311 10TH AVENUE,LAKE WORTH,FL,33461,561-540-4446,10
b18efd68-fa73-4fe4-b919-31187a123fc6,ISLAND MEDICAL PRIMARY AND URGENT CARE,340 ROYAL POINCIANA WAY,PALM BEACH,FL,33480,561-832-8300,4
0fb87974-0832-4bea-9209-c965517ff4f9,EXPRESS CARE OF BELLEVIEW,10762 SOUTHEAST UNITED STATES HIGHWAY 441,BELLEVIEW,FL,34420,352-347-5225,465
dc8a112f-4463-4924-a0f1-201265e8f9e9,TREASURE COAST URGENT AND FAMILY CARE,1050 SOUTHEAST MONTEREY ROAD,STUART,FL,34994,772-419-0560,32
d5d3ef14-d2d9-4e54-b8fe-532851940bfd,MEDICAL CARE CONSORTIUM INCORPORATED - HIALEAH,440 WEST 49TH STREET,HIALEAH,FL,33012,305-828-5000,3
6ec37299-ee60-4be7-a7e3-e5a57d2f5433,RIVERSIDE URGENT CARE CENTER,3631 WEST BURLEIGH BOULEVARD,TAVARES,FL,32778,352-343-1811,3
13120cd7-80a7-497a-8e8e-306792ab3319,URGENT CARE CENTER OF SOUTHWEST FLORIDA,1708 CAPE CORAL PARKWAY WEST,CAPE CORAL,FL,33914,239-333-3333,1
202dbfde-c30c-4be5-ae5b-b3de7e27dec1,FAMILY CARE OCCUPATIONAL MEDICINE,701 EAST MICHIGAN STREET,ORLANDO,FL,32806,407-843-8300,2
e4997e24-9c2e-4fdb-9888-0fb0f8b05cba,LEE CONVENIENT CARE - PAGE FIELD,4771 SOUTH CLEVELAND AVENUE,FORT MYERS,FL,33907,239-343-9800,4
f6c5fd10-beda-4420-8dca-e28cc495e683,CONCENTRA URGENT CARE MEDICAL CENTER - WEST PALM BEACH,4455 MEDICAL CENTER WAY,WEST PALM BEACH,FL,33407,561-881-0066,4
8dc11b71-ad28-4fa9-b0d2-5c6c64922c78,MARATHON HEALTH CENTER,2855 OVERSEAS HIGHWAY,MARATHON,FL,33050,305-743-4000,1
28430922-d60f-4869-a8c5-3e05d83d74d7,BAPTIST MEDICAL PLAZA AT MIAMI LAKES,14701 NORTHWEST 77TH AVENUE,MIAMI,FL,33014,786-662-0720,13
f2c0879a-b622-48dc-9a02-e52a980dca07,FIRST CHOICE URGENT CARE,1945 WEST COUNTY ROAD 419,CHULUOTA,FL,32766,407-366-2890,15
f14f97ac-f78f-432d-bd85-e79d003c606d,DOCTORS WALK-IN CLINIC - NORTHSIDE,13210 NORTH BRUCE B DOWNS BOULEVARD,TAMPA,FL,33612,813-977-2777,53
